<?xml version="1.0" encoding="utf-8" ?>
<Environment>
    <!--Timeout-->
    <Timeout>5</Timeout>

    <!--General-->
    <PlatformName>web</PlatformName>

    <!--Authorization-->
    <UserName>admin</UserName>
    <Password>admin</Password>


    <!--Web-->
    <BrowserName>Chrome</BrowserName>
    <url>http://localhost:3000/</url>
    <ImageRepo>C:\Automation\FinalProject\ImageRepository\</ImageRepo>

    <!--Data Driven Testing-->
    <DDTFile>./DDTFiles/users.csv</DDTFile>

    <!--Mobile-->
    <UDID>ce021712b2ef30960c</UDID>
    <AppPackage>com.shivgadhia.android.ukMortgageCalc</AppPackage>
    <AppActivity>.MainActivity</AppActivity>
    <AppiumServer>http://localhost:4723/wd/hub</AppiumServer>

    <!--API-->
    <urlAPI>http://localhost:3000/</urlAPI>

    <!--Electron-->
    <ElectronDriverPath>./Drivers/electron.exe</ElectronDriverPath>
    <ElectronAppPath>C:/Users/ADAM/AppData/Local/Programs/todolist/Todolist.exe</ElectronAppPath>

    <!--Desktop-->
    <CalculatorApp>Microsoft.WindowsCalculator_8wekyb3d8bbwe!App</CalculatorApp>
    <AppiumServerDesktop>http://127.0.0.1:4723</AppiumServerDesktop>

    <!--DataBase-->
    <DBURL>jdbc:mysql://remotemysql.com:3306/5BbzuDtwXq</DBURL>
    <DBUserName>5BbzuDtwXq</DBUserName>
    <DBPassword>K14WtldcBj</DBPassword>


</Environment>